{
  "as_of": "2026-05-11",
  "n_games": 27,
  "elo": {
    "BHM": 1469.8,
    "DAL": 1423.0,
    "DC": 1561.9,
    "HOU": 1424.3,
    "STL": 1603.9,
    "CLB": 1454.0,
    "LOU": 1539.3,
    "ORL": 1530.0
  },
  "elo_games_played": {
    "BHM": 7,
    "DAL": 6,
    "DC": 7,
    "HOU": 7,
    "STL": 6,
    "CLB": 7,
    "LOU": 7,
    "ORL": 7
  },
  "ppd_adj": {
    "BHM": {
      "off": -0.06977630282183953,
      "def": -0.03053112581561429,
      "n": 7
    },
    "CLB": {
      "off": 0.08669578294420219,
      "def": -0.2500424620018384,
      "n": 7
    },
    "DAL": {
      "off": -0.041219291317592006,
      "def": -0.5063616070784203,
      "n": 6
    },
    "DC": {
      "off": 0.3497151103749533,
      "def": 0.2054801468863848,
      "n": 7
    },
    "HOU": {
      "off": -0.314947573883808,
      "def": -0.2365487890244608,
      "n": 7
    },
    "LOU": {
      "off": 0.09575789103403264,
      "def": 0.16248745234282405,
      "n": 7
    },
    "ORL": {
      "off": -0.060934465146486476,
      "def": 0.2644035448282166,
      "n": 7
    },
    "STL": {
      "off": -0.045291151183455704,
      "def": 0.39111283986290274,
      "n": 6
    },
    "__league__": {
      "mu_ppd": 2.1274367759877455,
      "hfa": 0.10208699187305495
    }
  }
}