{
  "as_of": "2026-06-01",
  "n_games": 39,
  "elo": {
    "BHM": 1428.2,
    "DAL": 1423.2,
    "DC": 1501.4,
    "HOU": 1487.2,
    "STL": 1545.4,
    "CLB": 1429.9,
    "LOU": 1595.2,
    "ORL": 1595.8
  },
  "elo_games_played": {
    "BHM": 10,
    "DAL": 9,
    "DC": 10,
    "HOU": 10,
    "STL": 9,
    "CLB": 10,
    "LOU": 10,
    "ORL": 10
  },
  "ppd_adj": {
    "BHM": {
      "off": -0.19241106154844329,
      "def": 0.050771445255258084,
      "n": 10
    },
    "CLB": {
      "off": 0.016020533562603096,
      "def": -0.34524537003857486,
      "n": 10
    },
    "DAL": {
      "off": -0.003700524643605706,
      "def": -0.5023393485483841,
      "n": 9
    },
    "DC": {
      "off": 0.3072511617363236,
      "def": 0.08748806231285942,
      "n": 10
    },
    "HOU": {
      "off": -0.2628271868668945,
      "def": -0.07992620509897551,
      "n": 10
    },
    "LOU": {
      "off": 0.3000762321160215,
      "def": 0.1415950720030548,
      "n": 10
    },
    "ORL": {
      "off": 0.08159327644655552,
      "def": 0.26876758592081657,
      "n": 10
    },
    "STL": {
      "off": -0.2460024308025532,
      "def": 0.37888875819393875,
      "n": 9
    },
    "__league__": {
      "mu_ppd": 2.201857229072841,
      "hfa": -0.006327393805783566
    }
  }
}