{
  "as_of": "2026-05-25",
  "n_games": 35,
  "elo": {
    "BHM": 1467.3,
    "DAL": 1388.5,
    "DC": 1525.0,
    "HOU": 1448.1,
    "STL": 1580.1,
    "CLB": 1456.5,
    "LOU": 1568.6,
    "ORL": 1572.2
  },
  "elo_games_played": {
    "BHM": 9,
    "DAL": 8,
    "DC": 9,
    "HOU": 9,
    "STL": 8,
    "CLB": 9,
    "LOU": 9,
    "ORL": 9
  },
  "ppd_adj": {
    "BHM": {
      "off": -0.11642702826337518,
      "def": 0.07223849633259732,
      "n": 9
    },
    "CLB": {
      "off": -0.005942970320040848,
      "def": -0.19862467406300305,
      "n": 9
    },
    "DAL": {
      "off": 0.03814970225442817,
      "def": -0.6096133240713257,
      "n": 8
    },
    "DC": {
      "off": 0.32614689531477864,
      "def": 0.13031351273782701,
      "n": 9
    },
    "HOU": {
      "off": -0.28157904021167757,
      "def": -0.14233744552977007,
      "n": 9
    },
    "LOU": {
      "off": 0.15468903703493847,
      "def": 0.15473417440927606,
      "n": 9
    },
    "ORL": {
      "off": 0.03793295959461318,
      "def": 0.24381181612137973,
      "n": 9
    },
    "STL": {
      "off": -0.15296955540365884,
      "def": 0.3494774440630125,
      "n": 8
    },
    "__league__": {
      "mu_ppd": 2.1163301990684227,
      "hfa": 0.14097502068551399
    }
  }
}