{
  "as_of": "2026-05-01",
  "n_games": 21,
  "elo": {
    "BHM": 1426.8,
    "DAL": 1474.3,
    "DC": 1600.8,
    "HOU": 1453.0,
    "STL": 1569.3,
    "CLB": 1451.9,
    "LOU": 1483.2,
    "ORL": 1546.8
  },
  "elo_games_played": {
    "BHM": 5,
    "DAL": 5,
    "DC": 5,
    "HOU": 5,
    "STL": 6,
    "CLB": 5,
    "LOU": 6,
    "ORL": 5
  },
  "ppd_adj": {
    "BHM": {
      "off": -0.11785136549868296,
      "def": -0.1275332777816305,
      "n": 5
    },
    "CLB": {
      "off": -0.07966621935079933,
      "def": -0.053849298055255845,
      "n": 5
    },
    "DAL": {
      "off": 0.1457151950105221,
      "def": -0.22192927104135077,
      "n": 5
    },
    "DC": {
      "off": 0.5087721521101697,
      "def": 0.07174876733944319,
      "n": 5
    },
    "HOU": {
      "off": -0.272003702521272,
      "def": -0.17886862073166546,
      "n": 5
    },
    "LOU": {
      "off": -0.07748147145292829,
      "def": 0.03439088667080633,
      "n": 6
    },
    "ORL": {
      "off": -0.07288998584056829,
      "def": 0.25280837049866217,
      "n": 5
    },
    "STL": {
      "off": -0.03459460245643991,
      "def": 0.22323244310099047,
      "n": 6
    },
    "__league__": {
      "mu_ppd": 1.7966160348478135,
      "hfa": 0.17437266381300018
    }
  },
  "_NOTE": "Baseline snapshot from box scores only. Replace by running src/pipeline/weekly_update.py with real StatBroadcast XML."
}