{
  "as_of": "2026-05-18",
  "n_games": 31,
  "elo": {
    "BHM": 1493.3,
    "DAL": 1402.6,
    "DC": 1546.8,
    "HOU": 1468.3,
    "STL": 1559.9,
    "CLB": 1430.5,
    "LOU": 1554.4,
    "ORL": 1550.4
  },
  "elo_games_played": {
    "BHM": 8,
    "DAL": 7,
    "DC": 8,
    "HOU": 8,
    "STL": 7,
    "CLB": 8,
    "LOU": 8,
    "ORL": 8
  },
  "ppd_adj": {
    "BHM": {
      "off": -0.14716992140936136,
      "def": 0.12620045964452486,
      "n": 8
    },
    "CLB": {
      "off": -0.06579891662941037,
      "def": -0.17133243827203878,
      "n": 8
    },
    "DAL": {
      "off": 0.0462181011664137,
      "def": -0.5979549608621183,
      "n": 7
    },
    "DC": {
      "off": 0.3764080952667137,
      "def": 0.13831429584090343,
      "n": 8
    },
    "HOU": {
      "off": -0.2558892147101983,
      "def": -0.17537885354144803,
      "n": 8
    },
    "LOU": {
      "off": 0.13355506034759423,
      "def": 0.16029577979039422,
      "n": 8
    },
    "ORL": {
      "off": 0.03520469484232284,
      "def": 0.18856660779373283,
      "n": 8
    },
    "STL": {
      "off": -0.12252789887406895,
      "def": 0.33128910960604474,
      "n": 7
    },
    "__league__": {
      "mu_ppd": 2.123106790731699,
      "hfa": 0.09057549929962441
    }
  }
}