{
  "as_of": "2026-05-02",
  "n_games": 21,
  "elo": {
    "BHM": 1428.3,
    "DAL": 1453.9,
    "DC": 1602.6,
    "HOU": 1431.5,
    "STL": 1588.8,
    "CLB": 1469.2,
    "LOU": 1482.9,
    "ORL": 1549.1
  },
  "elo_games_played": {
    "BHM": 5,
    "DAL": 4,
    "DC": 5,
    "HOU": 6,
    "STL": 5,
    "CLB": 6,
    "LOU": 6,
    "ORL": 5
  },
  "ppd_adj": {
    "BHM": {
      "off": -0.08693929673009022,
      "def": -0.09150567984190472,
      "n": 5
    },
    "CLB": {
      "off": 0.020942862574907063,
      "def": -0.1420143619685765,
      "n": 6
    },
    "DAL": {
      "off": 0.12262245117336552,
      "def": -0.5960279461613998,
      "n": 4
    },
    "DC": {
      "off": 0.5048784147652514,
      "def": 0.1605962576304127,
      "n": 5
    },
    "HOU": {
      "off": -0.38331464135450305,
      "def": -0.2014644634775381,
      "n": 6
    },
    "LOU": {
      "off": -0.0038126578845734393,
      "def": 0.09280714572966714,
      "n": 6
    },
    "ORL": {
      "off": -0.039039594461940726,
      "def": 0.30854445377289047,
      "n": 5
    },
    "STL": {
      "off": -0.13533753808241658,
      "def": 0.46906459431644776,
      "n": 5
    },
    "__league__": {
      "mu_ppd": 2.1767822847694136,
      "hfa": 0.1488609195590109
    }
  }
}