{
  "as_of": "2026-07-06",
  "n_games": 42,
  "elo": {
    "BHM": 1428.0,
    "DAL": 1436.3,
    "DC": 1536.1,
    "HOU": 1485.4,
    "STL": 1505.6,
    "CLB": 1431.5,
    "LOU": 1622.9,
    "ORL": 1560.4
  },
  "elo_games_played": {
    "BHM": 10,
    "DAL": 10,
    "DC": 11,
    "HOU": 10,
    "STL": 11,
    "CLB": 10,
    "LOU": 11,
    "ORL": 11
  },
  "ppd_adj": {
    "BHM": {
      "off": -0.1959051972161391,
      "def": 0.05426558092295405,
      "n": 10
    },
    "CLB": {
      "off": 0.014877034688052859,
      "def": -0.3368594080012282,
      "n": 10
    },
    "DAL": {
      "off": 0.07088400881974859,
      "def": -0.45380200824420364,
      "n": 10
    },
    "DC": {
      "off": 0.2988651996989771,
      "def": 0.08863156118740984,
      "n": 11
    },
    "HOU": {
      "off": -0.2712131489042408,
      "def": -0.07878270622442511,
      "n": 10
    },
    "LOU": {
      "off": 0.29893273324147124,
      "def": 0.1499810340404013,
      "n": 11
    },
    "ORL": {
      "off": 0.07809914077885971,
      "def": 0.2722617215885126,
      "n": 11
    },
    "STL": {
      "off": -0.29453977110673324,
      "def": 0.30430422473058455,
      "n": 11
    },
    "__league__": {
      "mu_ppd": 2.1820690420690436,
      "hfa": 0.04563727938727809
    }
  }
}