{
  "as_of": "2026-05-02",
  "n_games": 21,
  "elo": {
    "BHM": 1428.3,
    "DAL": 1453.9,
    "DC": 1602.6,
    "HOU": 1431.5,
    "STL": 1588.8,
    "CLB": 1469.2,
    "LOU": 1482.9,
    "ORL": 1549.1
  },
  "elo_games_played": {
    "BHM": 5,
    "DAL": 4,
    "DC": 5,
    "HOU": 6,
    "STL": 5,
    "CLB": 6,
    "LOU": 6,
    "ORL": 5
  },
  "ppd_adj": {
    "BHM": {
      "off": -0.07306792469353753,
      "def": -0.10952767783994226,
      "n": 5
    },
    "CLB": {
      "off": 0.07641086998053394,
      "def": -0.1252784383963609,
      "n": 6
    },
    "DAL": {
      "off": 0.03343584577872477,
      "def": -0.3245656395619549,
      "n": 4
    },
    "DC": {
      "off": 0.43470878010414643,
      "def": 0.1362759043834348,
      "n": 5
    },
    "HOU": {
      "off": -0.31138517265874244,
      "def": -0.14513554352914335,
      "n": 6
    },
    "LOU": {
      "off": -0.06582039671010434,
      "def": -0.013240490504714104,
      "n": 6
    },
    "ORL": {
      "off": 0.001241529102241365,
      "def": 0.18455752780428092,
      "n": 5
    },
    "STL": {
      "off": -0.09552353090326138,
      "def": 0.3969143576443986,
      "n": 5
    },
    "__league__": {
      "mu_ppd": 1.8444311285749926,
      "hfa": 0.10413998762164237
    }
  }
}