{
  "as_of": "2026-05-04",
  "n_games": 23,
  "elo": {
    "BHM": 1454.6,
    "DAL": 1438.2,
    "DC": 1618.3,
    "HOU": 1431.5,
    "STL": 1588.8,
    "CLB": 1469.2,
    "LOU": 1482.9,
    "ORL": 1522.9
  },
  "elo_games_played": {
    "BHM": 6,
    "DAL": 5,
    "DC": 6,
    "HOU": 6,
    "STL": 5,
    "CLB": 6,
    "LOU": 6,
    "ORL": 6
  },
  "ppd_adj": {
    "BHM": {
      "off": -0.038650597874796896,
      "def": -0.06285152868433258,
      "n": 6
    },
    "CLB": {
      "off": 0.06541134565236952,
      "def": -0.19856556003562165,
      "n": 6
    },
    "DAL": {
      "off": -0.0022667221475530025,
      "def": -0.5395690333484575,
      "n": 5
    },
    "DC": {
      "off": 0.46214796508213046,
      "def": 0.27061293055951335,
      "n": 6
    },
    "HOU": {
      "off": -0.3463678817671305,
      "def": -0.23467195800604057,
      "n": 6
    },
    "LOU": {
      "off": 0.025154321777044537,
      "def": 0.05333869894391791,
      "n": 6
    },
    "ORL": {
      "off": -0.07863203456790388,
      "def": 0.277322796645675,
      "n": 6
    },
    "STL": {
      "off": -0.08679639615415755,
      "def": 0.4343836539253428,
      "n": 5
    },
    "__league__": {
      "mu_ppd": 2.1119385662438477,
      "hfa": 0.15726320278303504
    }
  }
}